jinnypoo21:johnhajin
EROD758:erod3909
UFdarkstar:darkstar92
duckwilson:duckwilson
D_Bomb_69:d_bomb_69
Skin_Tone_UF:skin_tone
Bleedinggreen:bleedinggreen_
coredawg:coredawg
Diarmait:diarmait54
CRCougars:crcougars
ceeedeeztdz:ceedeeztdz
x4thQtrGoHamx:4thqtrgoham221
lanny968:lanny968
RzW_Danimal:rzwdanimal
bfolk1_TD:bfolk
T_chokko:t_chokko
Figarocroe:donfigaro
